{
  "name": "paging-table",
  "version": "1.0.0",
  "jetVersion": ">=5.0.0 <7.0.0",
  "displayName": "Table navigation component.",
  "description": "Table navigation component.",
  "properties": {
    "tablelabel": {
      "type": "string"
    },
    "tabledata": {
      "type": "array",
      "writeback": true
    },
    "size": {
      "type": "number"
    },
    "columns": {
      "type": "object"
    },
    "idcolumn": {
      "type": "string"
    }
  },
  "methods": {},
  "events": {},
  "slots": {}
}
