{
  "pageModelVersion": "18.4.1",
  "title": "",
  "description": "",
  "chains": {
    "ButtonAction": {
      "description": "",
      "variables": {
        "detail": {
          "required": true,
          "type": "any",
          "input": "fromCaller"
        }
      },
      "root": "navigateToPage1",
      "actions": {
        "navigateToPage1": {
          "module": "vb/action/builtin/navigateToPageAction",
          "parameters": {
            "page": "main-paging-control"
          }
        }
      }
    }
  },
  "eventListeners": {
    "ojButton8816348241OjAction": {
      "chains": [
        {
          "chainId": "ButtonAction",
          "parameters": {
            "detail": "{{ $event.detail }}"
          }
        }
      ]
    }
  },
  "imports": {
    "components": {
      "oj-chart": {
        "path": "ojs/ojchart"
      },
      "oj-button": {
        "path": "ojs/ojbutton"
      }
    }
  },
  "types": {
    "getallCarTransactionsResponse": {
      "items": [
        {
          "id": "number",
          "bedrag": "number",
          "leverancier": "string"
        }
      ]
    },
    "@decorators.getallCarTransactionsResponse": {
      "endpoint": "getall_CarTransactions",
      "service": "businessObjects",
      "path": "response"
    }
  },
  "variables": {
    "carTransactionsListSDP": {
      "type": "vb/ServiceDataProvider",
      "defaultValue": {
        "endpoint": "businessObjects/getall_CarTransactions",
        "idAttribute": "id",
        "itemsPath": "items",
        "responseType": "page:getallCarTransactionsResponse"
      }
    }
  }

}