id,creationDate,lastUpdateDate,createdBy,lastUpdatedBy,kenteken,pasnummer,datumTransactie,product,bedrag,bTW,bedragExBTW,kilometerstand,leverancier
500170505,2019-02-10T10:40:23,2019-02-10T10:40:23,herman.mensinga@amis.nl,herman.mensinga@amis.nl,9AMS25,112233 ******** 02123,17-10-2017 08:55,Diesel,54.5,9.46,45.04,124269.0,Shell Nederland Verkoopmaatschappij BV
500992152,2019-02-10T10:40:23,2019-02-10T10:40:23,herman.mensinga@amis.nl,herman.mensinga@amis.nl,9AMS25,112233 ******** 02123,30-10-2017 06:56,Diesel,52.02,9.03,42.99,125155.0,Shell Nederland Verkoopmaatschappij BV
502983276,2019-02-10T10:40:23,2019-02-10T10:40:23,herman.mensinga@amis.nl,herman.mensinga@amis.nl,9AMS25,112233 ******** 02123,09-11-2017 11:03,Diesel,54.6,9.48,45.12,125961.0,Shell Nederland Verkoopmaatschappij BV
503531916,2019-02-10T10:40:23,2019-02-10T10:40:23,herman.mensinga@amis.nl,herman.mensinga@amis.nl,9AMS25,112233 ******** 02123,15-11-2017 07:11,Diesel,52.26,9.07,43.19,126723.0,Shell Nederland Verkoopmaatschappij BV
504138432,2019-02-10T10:40:23,2019-02-10T10:40:23,herman.mensinga@amis.nl,herman.mensinga@amis.nl,9AMS25,112233 ******** 02123,24-11-2017 10:36,Diesel,55.5,9.63,45.87,127555.0,Shell Nederland Verkoopmaatschappij BV
506408994,2019-02-10T10:40:23,2019-02-10T10:40:23,herman.mensinga@amis.nl,herman.mensinga@amis.nl,9AMS25,112233 ******** 02123,06-12-2017 07:53,Diesel,54.79,9.51,45.28,128334.0,Shell Nederland Verkoopmaatschappij BV
507170789,2019-02-10T10:40:23,2019-02-10T10:40:23,herman.mensinga@amis.nl,herman.mensinga@amis.nl,9AMS25,112233 ******** 02123,16-12-2017 16:14,Diesel,51.51,8.94,42.57,129015.0,Shell Nederland Verkoopmaatschappij BV
509616087,2019-02-10T10:40:23,2019-02-10T10:40:23,herman.mensinga@amis.nl,herman.mensinga@amis.nl,9AMS25,112233 ******** 02123,05-01-2018 07:34,Diesel,53.0,9.2,43.8,129774.0,Shell Nederland Verkoopmaatschappij BV
510345386,2019-02-10T10:40:23,2019-02-10T10:40:23,herman.mensinga@amis.nl,herman.mensinga@amis.nl,9AMS25,112233 ******** 02123,15-01-2018 07:54,Diesel,56.5,9.81,46.69,129655.0,Diverse Stations
511394433,2019-02-10T10:40:23,2019-02-10T10:40:23,herman.mensinga@amis.nl,herman.mensinga@amis.nl,9AMS25,112233 ******** 02123,31-01-2018 10:38,Diesel,58.64,10.18,48.46,131000.0,Shell Nederland Verkoopmaatschappij BV
513396089,2019-02-10T10:40:23,2019-02-10T10:40:23,herman.mensinga@amis.nl,herman.mensinga@amis.nl,9AMS25,112233 ******** 02123,13-02-2018 16:29,Diesel,58.47,10.15,48.32,132156.0,BP Europa SE - BP Nederland
515856737,2019-02-10T10:40:23,2019-02-10T10:40:23,herman.mensinga@amis.nl,herman.mensinga@amis.nl,9AMS25,112233 ******** 02123,02-03-2018 17:09,Diesel,56.39,9.79,46.6,132764.0,Diverse Stations
517632013,2019-02-10T10:40:23,2019-02-10T10:40:23,herman.mensinga@amis.nl,herman.mensinga@amis.nl,9AMS25,112233 ******** 02123,22-03-2018 20:09,Diesel,58.38,10.13,48.25,134340.0,Shell Nederland Verkoopmaatschappij BV
519591408,2019-02-10T10:40:23,2019-02-10T10:40:23,herman.mensinga@amis.nl,herman.mensinga@amis.nl,9AMS25,112233 ******** 02123,08-04-2018 18:05,Diesel,52.41,9.1,43.31,134900.0,Shell Nederland Verkoopmaatschappij BV
521067347,2019-02-10T10:40:23,2019-02-10T10:40:23,herman.mensinga@amis.nl,herman.mensinga@amis.nl,9AMS25,112233 ******** 02123,28-04-2018 20:21,Diesel,60.96,10.58,50.38,135600.0,Shell Nederland Verkoopmaatschappij BV
522784262,2019-02-10T10:40:23,2019-02-10T10:40:23,herman.mensinga@amis.nl,herman.mensinga@amis.nl,9AMS25,112233 ******** 02123,12-05-2018 12:07,Diesel,61.23,10.63,50.6,136200.0,Shell Nederland Verkoopmaatschappij BV
523784570,2019-02-10T10:40:23,2019-02-10T10:40:23,herman.mensinga@amis.nl,herman.mensinga@amis.nl,9AMS25,112233 ******** 02123,27-05-2018 12:01,Diesel,62.35,10.82,51.53,137040.0,Shell Nederland Verkoopmaatschappij BV
526352998,2019-02-10T10:40:23,2019-02-10T10:40:23,herman.mensinga@amis.nl,herman.mensinga@amis.nl,9AMS25,112233 ******** 02123,17-06-2018 12:08,Diesel,62.78,10.9,51.88,137895.0,Shell Nederland Verkoopmaatschappij BV
528370406,2019-02-10T10:40:23,2019-02-10T10:40:23,herman.mensinga@amis.nl,herman.mensinga@amis.nl,9AMS25,112233 ******** 02123,04-07-2018 08:15,Diesel,60.72,10.54,50.18,138726.0,Shell Nederland Verkoopmaatschappij BV
529543465,2019-02-10T10:40:23,2019-02-10T10:40:23,herman.mensinga@amis.nl,herman.mensinga@amis.nl,9AMS25,112233 ******** 02123,20-07-2018 16:08,Diesel,54.71,9.5,45.21,140000.0,Shell Nederland Verkoopmaatschappij BV
529954902,2019-02-10T10:40:23,2019-02-10T10:40:23,herman.mensinga@amis.nl,herman.mensinga@amis.nl,9AMS25,112233 ******** 02123,28-07-2018 16:20,Diesel,31.27,5.43,25.84,139980.0,Shell Nederland Verkoopmaatschappij BV
529954903,2019-02-10T10:40:23,2019-02-10T10:40:23,herman.mensinga@amis.nl,herman.mensinga@amis.nl,9AMS25,112233 ******** 02123,28-07-2018 16:20,Smeermiddelen,24.99,4.34,20.65,139980.0,Shell Nederland Verkoopmaatschappij BV
529954904,2019-02-10T10:40:23,2019-02-10T10:40:23,herman.mensinga@amis.nl,herman.mensinga@amis.nl,9AMS25,112233 ******** 02123,28-07-2018 16:20,Antivries,8.99,1.56,7.43,139980.0,Shell Nederland Verkoopmaatschappij BV
531985345,2019-02-10T10:40:23,2019-02-10T10:40:23,herman.mensinga@amis.nl,herman.mensinga@amis.nl,9AMS25,112233 ******** 02123,17-08-2018 17:38,Diesel,63.13,10.96,52.17,143152.0,Shell Nederland Verkoopmaatschappij BV
534129928,2019-02-10T10:40:23,2019-02-10T10:40:23,herman.mensinga@amis.nl,herman.mensinga@amis.nl,9AMS25,112233 ******** 02123,03-09-2018 14:22,Diesel,61.43,10.66,50.77,144034.0,Total Nederland NV
535396868,2019-02-10T10:40:23,2019-02-10T10:40:23,herman.mensinga@amis.nl,herman.mensinga@amis.nl,9AMS25,112233 ******** 02123,20-09-2018 08:39,Diesel,63.73,11.06,52.67,144853.0,Shell Nederland Verkoopmaatschappij BV
537461895,2019-02-10T10:40:23,2019-02-10T10:40:23,herman.mensinga@amis.nl,herman.mensinga@amis.nl,9AMS25,112233 ******** 02123,05-10-2018 14:19,Diesel,59.45,10.32,49.13,145782.0,Shell Nederland Verkoopmaatschappij BV
537842829,2019-02-10T10:40:23,2019-02-10T10:40:23,herman.mensinga@amis.nl,herman.mensinga@amis.nl,9AMS25,112233 ******** 02123,30-07-2018 11:15,Diesel,12.15,2.11,10.04,140201.0,Diverse Stations
537842963,2019-02-10T10:40:23,2019-02-10T10:40:23,herman.mensinga@amis.nl,herman.mensinga@amis.nl,9AMS25,112233 ******** 02123,08-08-2018 00:00,Diesel,54.21,0.0,54.21,141596.0,Diverse Stations
537843061,2019-02-10T10:40:23,2019-02-10T10:40:23,herman.mensinga@amis.nl,herman.mensinga@amis.nl,9AMS25,112233 ******** 02123,15-08-2018 09:04,Diesel,55.72,0.0,55.72,142396.0,Diverse Stations
537843175,2019-02-10T10:40:23,2019-02-10T10:40:23,herman.mensinga@amis.nl,herman.mensinga@amis.nl,9AMS25,112233 ******** 02123,01-08-2018 09:19,Diesel,55.85,0.0,55.85,140778.0,Diverse Stations
538550980,2019-02-10T10:40:23,2019-02-10T10:40:23,herman.mensinga@amis.nl,herman.mensinga@amis.nl,9AMS25,112233 ******** 02123,20-10-2018 16:50,Diesel,61.29,10.64,50.65,146472.0,Total Nederland NV
540921179,2019-02-10T10:40:23,2019-02-10T10:40:23,herman.mensinga@amis.nl,herman.mensinga@amis.nl,9AMS25,112233 ******** 02123,09-11-2018 09:50,Diesel,56.95,9.88,47.07,147443.0,Total Nederland NV
544000149,2019-02-10T10:40:23,2019-02-10T10:40:23,herman.mensinga@amis.nl,herman.mensinga@amis.nl,9AMS25,112233 ******** 02123,08-12-2018 11:46,Diesel,55.63,9.65,45.98,148808.0,Total Nederland NV
544720607,2019-02-10T10:40:23,2019-02-10T10:40:23,herman.mensinga@amis.nl,herman.mensinga@amis.nl,9AMS25,112233 ******** 02123,17-12-2018 07:46,Diesel,55.88,9.7,46.18,149595.0,Total Nederland NV
546628742,2019-02-10T10:40:23,2019-02-10T10:40:23,herman.mensinga@amis.nl,herman.mensinga@amis.nl,9AMS25,112233 ******** 02123,04-01-2019 12:28,Diesel,48.64,8.44,40.2,150299.0,Total Nederland NV
547551223,2019-02-10T10:40:23,2019-02-10T10:40:23,herman.mensinga@amis.nl,herman.mensinga@amis.nl,9AMS25,112233 ******** 02123,21-11-2018 14:12,Diesel,57.6,10.0,47.6,148123.0,Diverse Stations
