{
    "fields": [
        {
            "id": "id",
            "internal": true,
            "key": true,
            "oid": "f15e0f2d-5742-4bb5-9768-900146631586",
            "required": true,
            "singularName": "Id",
            "type": "number",
            "unique": true
        },
        {
            "id": "creationDate",
            "internal": true,
            "oid": "e58cf699-7ec1-469c-8947-68fc6dda7940",
            "singularName": "Creation Date",
            "type": "datetime"
        },
        {
            "id": "lastUpdateDate",
            "internal": true,
            "oid": "43b35148-93b7-43b8-a4b7-c771b7c96b3e",
            "singularName": "Last Update Date",
            "type": "datetime"
        },
        {
            "id": "createdBy",
            "internal": true,
            "oid": "cee9274a-af8e-48fd-9490-62216fa300bd",
            "singularName": "Created By",
            "type": "string"
        },
        {
            "id": "lastUpdatedBy",
            "internal": true,
            "oid": "ecfda293-b852-4eb8-8788-8a3803d49c07",
            "singularName": "Last Updated By",
            "type": "string"
        },
        {
            "hidden": true,
            "id": "abcsChangeNumber",
            "internal": true,
            "oid": "14eac9d0-5e73-41b9-8a71-1f05d8c6a3d5",
            "singularName": "Update ID",
            "type": "number"
        },
        {
            "id": "kenteken",
            "oid": "b156aa0f-fc6c-454f-844d-36ddd79b49a3",
            "singularName": "Kenteken",
            "type": "string"
        },
        {
            "id": "pasnummer",
            "oid": "e6fb6023-3c4b-45ca-9b10-d23672f23e48",
            "singularName": "Pasnummer",
            "type": "string"
        },
        {
            "id": "datumTransactie",
            "oid": "8223c889-7e33-4073-b6c3-20fa3bbb605b",
            "singularName": "Datum transactie",
            "type": "string"
        },
        {
            "id": "product",
            "oid": "d8f24f69-6643-46f4-b743-186da7ec1bbe",
            "singularName": "Product",
            "type": "string"
        },
        {
            "id": "bedrag",
            "oid": "8824815a-2efc-46ca-b6f3-650809f439ea",
            "singularName": "Bedrag",
            "type": "number"
        },
        {
            "id": "bTW",
            "oid": "98e676c5-d3a6-44b9-bce9-2d96cf09716c",
            "singularName": "BTW",
            "type": "number"
        },
        {
            "id": "bedragExBTW",
            "oid": "2ddcaf89-7df8-4422-b241-8758d8494362",
            "singularName": "Bedrag ex BTW",
            "type": "number"
        },
        {
            "id": "kilometerstand",
            "oid": "4ad9aad5-3eb3-49cb-8625-0e292d370d9e",
            "singularName": "Kilometerstand",
            "type": "number"
        },
        {
            "id": "leverancier",
            "oid": "803300c2-cab9-453f-a29b-d9e87c0a8199",
            "singularName": "Leverancier",
            "type": "string"
        }
    ],
    "id": "CarTransactions",
    "oid": "b5760627-a422-4f4c-93de-5a7d6e8e55fc",
    "singularName": "car_transactions"
}