{
  "flowModelVersion": "18.4.1",
  "id": "main",
  "description": "Flow main",
  "defaultPage": "main-start",
  "chains": {
    "getDataAC": {
      "root": "callRestEndpoint1",
      "description": "",
      "actions": {
        "callRestEndpoint1": {
          "module": "vb/action/builtin/restAction",
          "parameters": {
            "endpoint": "businessObjects/getall_CarTransactions"
          },
          "outcomes": {
            "success": "assignVariables1"
          }
        },
        "assignVariables1": {
          "module": "vb/action/builtin/assignVariablesAction",
          "parameters": {
            "$flow.variables.CarTransactionsArray": {
              "source": "{{ $chain.results.callRestEndpoint1.body.items }}"
            }
          }
        }
      }
    }
  },
  "services": {},
  "types": {
    "@decorators.getall_CarTransactions": {
      "endpoint": "getall_CarTransactions",
      "service": "businessObjects",
      "path": "response"
    },
    "getall_CarTransactions": {
      "links": [{
        "href": "string",
        "rel": "string",
        "properties": {
          "changeIndicator": "string"
        }
      }],
      "id": "number",
      "creationDate": "string",
      "lastUpdateDate": "string",
      "createdBy": "string",
      "lastUpdatedBy": "string",
      "kenteken": "string",
      "pasnummer": "string",
      "datumTransactie": "string",
      "product": "string",
      "bedrag": "number",
      "bTW": "number",
      "bedragExBTW": "number",
      "kilometerstand": "number",
      "leverancier": "string"
    }
  },
    "variables": {
    "CarTransactionsArray": {
      "type": "getall_CarTransactions[]"
    }
  },
  "eventListeners": {
    "vbEnter": {
      "chains": [
        {
          "chainId": "flow:getDataAC",
          "parameters": {}
        }
      ]
    }
  }
}